{
    "metadata":{
        "upper_right":[
            20.174514342247353,
            17.242246380722435
        ],
        "lower_left":[
            -18.850909108857945,
            -13.727112025173271
        ]
    },
    "sses":{
        "E16":{
            "size":2.474841507866012,
            "color":"#00ffbe",
            "layout":[
                5.157092700052631,
                1.6935479990435165
            ],
            "angles":2.1070241794467393,
            "residues":[
                606,
                608
            ]
        },
        "E15":{
            "size":3.3301671189196878,
            "color":"#00f9ff",
            "layout":[
                -11.114053985148573,
                0.06529353999277099
            ],
            "angles":202.42347351818694,
            "residues":[
                598,
                601
            ]
        },
        "H14":{
            "size":3.4410441715501907,
            "color":"#00b1ff",
            "layout":[
                -15.427222003358139,
                5.6126199823270655
            ],
            "angles":314.7550583731273,
            "residues":[
                591,
                596
            ]
        },
        "E13":{
            "size":2.8668520276940934,
            "color":"#0069ff",
            "layout":[
                -8.803139062895688,
                -0.8883046433962749
            ],
            "angles":22.423473518186935,
            "residues":[
                574,
                577
            ]
        },
        "E12":{
            "size":3.083307209898347,
            "color":"#0021ff",
            "layout":[
                7.957866852966812,
                -5.979103188336864
            ],
            "angles":30.946382023603515,
            "residues":[
                566,
                569
            ]
        },
        "E11":{
            "size":2.422487087934243,
            "color":"#2800ff",
            "layout":[
                11.75082723674754,
                -2.1482731903893058
            ],
            "angles":251.76251373818252,
            "residues":[
                561,
                563
            ]
        },
        "E10":{
            "size":3.551129200161922,
            "color":"#7000ff",
            "layout":[
                2.647711491246176,
                1.4926964058687329
            ],
            "angles":2.1070241794467393,
            "residues":[
                547,
                551
            ]
        },
        "E9":{
            "size":3.2174161243213093,
            "color":"#b800ff",
            "layout":[
                5.919309006194707,
                -4.51691231704485
            ],
            "angles":30.946382023603515,
            "residues":[
                542,
                545
            ]
        },
        "E8":{
            "size":2.522908681255297,
            "color":"#ff00ff",
            "layout":[
                10.968410066387904,
                0.22622514162952867
            ],
            "angles":251.76251373818252,
            "residues":[
                537,
                539
            ]
        },
        "E7":{
            "size":3.611049547837377,
            "color":"#ff00b6",
            "layout":[
                0.14838843448286387,
                1.577543998609487
            ],
            "angles":2.1070241794467393,
            "residues":[
                530,
                534
            ]
        },
        "E6":{
            "size":2.633179465977573,
            "color":"#ff006e",
            "layout":[
                3.669035608346955,
                -3.407572875189169
            ],
            "angles":30.946382023603515,
            "residues":[
                523,
                525
            ]
        },
        "H4":{
            "size":3.7541538972627686,
            "color":"#ff2300",
            "layout":[
                10.426732126447444,
                2.469601098446466
            ],
            "angles":254.9297142921332,
            "residues":[
                510,
                517
            ]
        },
        "H3":{
            "size":2.4757061279186003,
            "color":"#ff6b00",
            "layout":[
                10.795740724836236,
                8.457471322732154
            ],
            "angles":286.9219079539058,
            "residues":[
                502,
                505
            ]
        },
        "E2":{
            "size":3.149863481074409,
            "color":"#ffb200",
            "layout":[
                -2.3388846785065165,
                1.9693332211703671
            ],
            "angles":2.1070241794467393,
            "residues":[
                497,
                500
            ]
        },
        "E1":{
            "size":2.5315126947801967,
            "color":"#fffa00",
            "layout":[
                -15.125340636937135,
                -2.576361464251727
            ],
            "angles":261.42412459947855,
            "residues":[
                490,
                492
            ]
        },
        "E0":{
            "size":2.312877695859983,
            "color":"#bdff00",
            "layout":[
                -14.75255531782052,
                -5.048328654435743
            ],
            "angles":81.42412459947855,
            "residues":[
                483,
                485
            ]
        }
    }
}