{
    "metadata":{
        "upper_right":[
            20.30039843246889,
            17.166486214441107
        ],
        "lower_left":[
            -18.78283546896575,
            -13.809752411541826
        ]
    },
    "sses":{
        "E16":{
            "size":2.493300557437832,
            "color":"#00ffbe",
            "layout":[
                5.263728074756318,
                1.7278159544075982
            ],
            "angles":0.08059846812653859,
            "residues":[
                606,
                608
            ]
        },
        "E15":{
            "size":3.26112179964732,
            "color":"#00f9ff",
            "layout":[
                -11.709805389199781,
                0.6738001785384862
            ],
            "angles":197.53001448251175,
            "residues":[
                598,
                601
            ]
        },
        "H14":{
            "size":3.3967026225701376,
            "color":"#00b1ff",
            "layout":[
                -15.359282234061222,
                5.16155684563352
            ],
            "angles":314.525042873127,
            "residues":[
                591,
                596
            ]
        },
        "E13":{
            "size":2.840406171509621,
            "color":"#0069ff",
            "layout":[
                -9.325968701065417,
                -0.0791937905997484
            ],
            "angles":17.530014482511746,
            "residues":[
                574,
                577
            ]
        },
        "E12":{
            "size":3.059121610294509,
            "color":"#0021ff",
            "layout":[
                8.101571456829923,
                -6.028832942789306
            ],
            "angles":31.62975482481656,
            "residues":[
                566,
                569
            ]
        },
        "E11":{
            "size":2.4472860735762025,
            "color":"#2800ff",
            "layout":[
                11.876845197564354,
                -2.21740498370895
            ],
            "angles":251.511245487288,
            "residues":[
                561,
                563
            ]
        },
        "E10":{
            "size":3.5297369864373382,
            "color":"#7000ff",
            "layout":[
                2.76439866929055,
                1.5005918135090333
            ],
            "angles":0.08059846812653859,
            "residues":[
                547,
                551
            ]
        },
        "E9":{
            "size":3.2291226597339504,
            "color":"#b800ff",
            "layout":[
                6.010664155026081,
                -4.656302782930634
            ],
            "angles":31.62975482481656,
            "residues":[
                542,
                545
            ]
        },
        "E8":{
            "size":2.5081675839317903,
            "color":"#ff00ff",
            "layout":[
                11.084026804027477,
                0.1536258609464829
            ],
            "angles":251.511245487288,
            "residues":[
                537,
                539
            ]
        },
        "E7":{
            "size":3.5928444878951775,
            "color":"#ff00b6",
            "layout":[
                0.26274565899977187,
                1.3158999480667708
            ],
            "angles":0.08059846812653859,
            "residues":[
                530,
                534
            ]
        },
        "E6":{
            "size":2.6168961016715118,
            "color":"#ff006e",
            "layout":[
                3.8443462189759865,
                -3.406721908849416
            ],
            "angles":31.62975482481656,
            "residues":[
                523,
                525
            ]
        },
        "H4":{
            "size":3.7486306605877284,
            "color":"#ff2300",
            "layout":[
                10.353962363255116,
                2.258895964999649
            ],
            "angles":254.68960407318755,
            "residues":[
                510,
                517
            ]
        },
        "H3":{
            "size":2.4766001296868407,
            "color":"#ff6b00",
            "layout":[
                10.877092921764522,
                8.384160037511652
            ],
            "angles":286.51875435508896,
            "residues":[
                502,
                505
            ]
        },
        "E2":{
            "size":3.1438650874598526,
            "color":"#ffb200",
            "layout":[
                -2.2372713251773826,
                1.7383676820386704
            ],
            "angles":0.08059846812653859,
            "residues":[
                497,
                500
            ]
        },
        "E1":{
            "size":2.525182416214916,
            "color":"#fffa00",
            "layout":[
                -14.403484976215807,
                -2.9712207046208974
            ],
            "angles":267.85735957576213,
            "residues":[
                490,
                492
            ]
        },
        "E0":{
            "size":2.3106703649150306,
            "color":"#bdff00",
            "layout":[
                -14.31001513129075,
                -5.469507800929452
            ],
            "angles":87.85735957576216,
            "residues":[
                483,
                485
            ]
        }
    }
}