{
    "metadata":{
        "upper_right":[
            20.480869622854303,
            17.233571912891364
        ],
        "lower_left":[
            -19.257565192541225,
            -13.731050072584937
        ]
    },
    "sses":{
        "E16":{
            "size":2.473288556744193,
            "color":"#00ffbe",
            "layout":[
                5.362939245928979,
                1.639919382404395
            ],
            "angles":2.326939946384414,
            "residues":[
                606,
                608
            ]
        },
        "E15":{
            "size":3.295956299756356,
            "color":"#00f9ff",
            "layout":[
                -12.314395934531408,
                0.9000206439613899
            ],
            "angles":197.9927042831297,
            "residues":[
                598,
                601
            ]
        },
        "H14":{
            "size":3.4088656235594104,
            "color":"#00b1ff",
            "layout":[
                -15.792020353231145,
                5.052095196227702
            ],
            "angles":318.32145753772136,
            "residues":[
                591,
                596
            ]
        },
        "E13":{
            "size":2.8452329378153314,
            "color":"#0069ff",
            "layout":[
                -9.936717681534322,
                0.12780085758015036
            ],
            "angles":17.99270428312967,
            "residues":[
                574,
                577
            ]
        },
        "E12":{
            "size":3.053898522476054,
            "color":"#0021ff",
            "layout":[
                7.278227360544577,
                -5.937042180089367
            ],
            "angles":208.89230128269352,
            "residues":[
                566,
                569
            ]
        },
        "E11":{
            "size":2.43914217155285,
            "color":"#2800ff",
            "layout":[
                12.01532478354422,
                -2.147545953610873
            ],
            "angles":250.05996589355357,
            "residues":[
                561,
                563
            ]
        },
        "E10":{
            "size":3.5511228683302516,
            "color":"#7000ff",
            "layout":[
                2.8493718575790297,
                1.3724839278465097
            ],
            "angles":2.326939946384414,
            "residues":[
                547,
                551
            ]
        },
        "E9":{
            "size":3.18971104201451,
            "color":"#b800ff",
            "layout":[
                5.174192442737054,
                -4.575225875566909
            ],
            "angles":208.89230128269352,
            "residues":[
                542,
                545
            ]
        },
        "E8":{
            "size":2.509909858764921,
            "color":"#ff00ff",
            "layout":[
                11.162705028723444,
                0.2026579760350553
            ],
            "angles":250.05996589355357,
            "residues":[
                537,
                539
            ]
        },
        "E7":{
            "size":3.5656682029223803,
            "color":"#ff00b6",
            "layout":[
                0.3433095479457411,
                1.308915683003714
            ],
            "angles":2.326939946384414,
            "residues":[
                530,
                534
            ]
        },
        "E6":{
            "size":2.616157760678571,
            "color":"#ff006e",
            "layout":[
                2.9004374492773435,
                -3.5211397479924256
            ],
            "angles":208.89230128269352,
            "residues":[
                523,
                525
            ]
        },
        "H4":{
            "size":3.7730501499478395,
            "color":"#ff2300",
            "layout":[
                10.61088510855979,
                2.444949451499549
            ],
            "angles":254.32400083593558,
            "residues":[
                510,
                517
            ]
        },
        "H3":{
            "size":2.47381038575893,
            "color":"#ff6b00",
            "layout":[
                10.925600891443267,
                8.43956402039579
            ],
            "angles":286.31619449770847,
            "residues":[
                502,
                505
            ]
        },
        "E2":{
            "size":3.1383302484010587,
            "color":"#ffb200",
            "layout":[
                -2.1333193456646193,
                1.9445306535201723
            ],
            "angles":2.326939946384414,
            "residues":[
                497,
                500
            ]
        },
        "E1":{
            "size":2.5621893261924638,
            "color":"#fffa00",
            "layout":[
                -15.174775358185718,
                -2.7599744621641773
            ],
            "angles":270.0658780787986,
            "residues":[
                490,
                492
            ]
        },
        "E0":{
            "size":2.3049224365084235,
            "color":"#bdff00",
            "layout":[
                -15.177649736875095,
                -5.259890945057613
            ],
            "angles":90.0658780787986,
            "residues":[
                483,
                485
            ]
        }
    }
}