{
    "layout": {
        "E0": [
            -13.952728470727427,
            -9.376723499313899
        ],
        "E1": [
            -14.70223338822152,
            -6.991805667994063
        ],
        "E2": [
            -3.7418097660576337,
            -0.29445747406558337
        ],
        "E7": [
            -1.2238713979608835,
            -0.2980222995899325
        ],
        "E10": [
            1.258642278133453,
            0.003541464922974917
        ],
        "E16": [
            3.707038885885065,
            0.5889383087325387
        ],
        "H3": [
            8.235246913039347,
            8.141444008098198
        ],
        "H4": [
            9.021817522483943,
            1.723214907663511
        ],
        "E6": [
            2.0303333522817466,
            -4.79839969564899
        ],
        "E9": [
            4.424753128306203,
            -5.547477994961512
        ],
        "E12": [
            6.664399378358686,
            -6.677834095202348
        ],
        "E8": [
            9.675112285286314,
            0.03527252550343407
        ],
        "E11": [
            10.814319957772458,
            -2.190176830510428
        ],
        "E13": [
            -9.688100240116286,
            -4.1147072707698475
        ],
        "E15": [
            -12.11842088343583,
            -3.5288584473445264
        ],
        "H14": [
            -17.235401476488505,
            1.2870276208104698
        ]
    },
    "helices_residues": {
        "E0": [
            483,
            485
        ],
        "E1": [
            490,
            492
        ],
        "E2": [
            497,
            500
        ],
        "H3": [
            502,
            505
        ],
        "H4": [
            510,
            517
        ],
        "H5": [
            520,
            523
        ],
        "E6": [
            523,
            525
        ],
        "E7": [
            530,
            534
        ],
        "E8": [
            537,
            539
        ],
        "E9": [
            542,
            545
        ],
        "E10": [
            547,
            551
        ],
        "E11": [
            561,
            563
        ],
        "E12": [
            566,
            569
        ],
        "E13": [
            574,
            577
        ],
        "H14": [
            591,
            596
        ],
        "E15": [
            598,
            601
        ],
        "E16": [
            606,
            608
        ]
    },
    "size": {
        "E0": 11.564388479299915,
        "E1": 12.657563473900982,
        "E2": 15.749317405372045,
        "H3": 12.378530639593,
        "H4": 18.770769486313842,
        "H5": 13.73810593430483,
        "E6": 13.165897329887866,
        "E7": 18.055247739186886,
        "E8": 12.614543406276486,
        "E9": 16.087080621606546,
        "E10": 17.75564600080961,
        "E11": 12.112435439671213,
        "E12": 15.416536049491734,
        "E13": 14.334260138470466,
        "H14": 17.205220857750952,
        "E15": 16.650835594598437,
        "E16": 12.374207539330058
    },
    "protein": "3ogz",
    "chain_id": "A",
    "domain": "02",
    "filename_protein": "generated-2.160.10.30-2021-09-01T05_46_07_694652743_02_00/2.160.10.30/consensus_A00/3ogz.cif",
    "generated": "2021-09-01T05:47:12.511010",
    "angles": {
        "E0": 72.55370117540349,
        "E1": 252.5537011754035,
        "E2": 353.2366007553717,
        "E7": 353.2366007553717,
        "E10": 353.2366007553717,
        "E16": 353.2366007553717,
        "H3": 278.05148452983076,
        "H4": 246.05929086805816,
        "E6": 22.075958599528462,
        "E9": 22.075958599528462,
        "E12": 22.075958599528462,
        "E8": 242.89209031410746,
        "E11": 242.89209031410746,
        "E13": 13.553050094111882,
        "E15": 193.55305009411188,
        "H14": 305.88463494905227
    },
    "angles_err": {
        "E0": 11.564388479299915,
        "E1": 12.657563473900982,
        "E2": 15.749317405372045,
        "H3": 12.378530639593,
        "H4": 18.770769486313842,
        "H5": 13.73810593430483,
        "E6": 13.165897329887866,
        "E7": 18.055247739186886,
        "E8": 12.614543406276486,
        "E9": 16.087080621606546,
        "E10": 17.75564600080961,
        "E11": 12.112435439671213,
        "E12": 15.416536049491734,
        "E13": 14.334260138470466,
        "H14": 17.205220857750952,
        "E15": 16.650835594598437,
        "E16": 12.374207539330058
    },
    "h_type": {
        "E0": 1,
        "E1": 1,
        "E2": 1,
        "H3": 1,
        "H4": 1,
        "H5": 3,
        "E6": 1,
        "E7": 1,
        "E8": 1,
        "E9": 1,
        "E10": 1,
        "E11": 1,
        "E12": 1,
        "E13": 1,
        "H14": 1,
        "E15": 1,
        "E16": 1
    },
    "beta_connectivity": [
        "E0:E1",
        "E2:E7:E10:E16",
        "H3",
        "H4",
        "H5",
        "E6:E9:E12",
        "E8:E11",
        "E13:E15",
        "H14"
    ],
    "color": {
        "E0": "s123",
        "E1": "s170",
        "E2": "s217",
        "H3": "s264",
        "H4": "s311",
        "H5": "s358",
        "E6": "s405",
        "E7": "s452",
        "E8": "s500",
        "E9": "s547",
        "E10": "s594",
        "E11": "s641",
        "E12": "s688",
        "E13": "s735",
        "H14": "s782",
        "E15": "s829",
        "E16": "s876"
    },
    "3dlayout": {
        "E0": [
            [
                1.5440819841253894,
                -4.029652856029074,
                2.0014686444144267
            ],
            [
                3.1321079153191906,
                6.950700543559591,
                5.264150633539675
            ]
        ],
        "E1": [
            [
                8.21788717311469,
                7.826007851921787,
                4.913232294676661
            ],
            [
                5.638566722454158,
                -4.532462128960361,
                5.823857816102148
            ]
        ],
        "E2": [
            [
                2.312965121738099,
                -12.188995061736954,
                9.243666597932432
            ],
            [
                6.103550228603698,
                -18.373329462188828,
                23.223168424040225
            ]
        ],
        "E7": [
            [
                0.5909762193704289,
                -16.49450092802845,
                8.84250072200831
            ],
            [
                -0.873283963396613,
                -20.290571398631705,
                26.4333438519663
            ]
        ],
        "E10": [
            [
                -3.1186560217137185,
                -19.619698985399054,
                8.873422162138013
            ],
            [
                -4.557856696486965,
                -23.44502116840954,
                26.15226982394597
            ]
        ],
        "E16": [
            [
                -9.7056978837566,
                -19.635812605352726,
                13.160821523309778
            ],
            [
                -3.9412032469196703,
                -28.819986497430477,
                19.122579965948034
            ]
        ],
        "H3": [
            [
                2.8625281064721833,
                -15.967821761622645,
                31.318013744438872
            ],
            [
                8.882592895725082,
                -22.26994068954923,
                22.5276703070748
            ]
        ],
        "H4": [
            [
                20.60101028354228,
                -19.597781349630253,
                26.315014498508937
            ],
            [
                5.7465982827419,
                -27.020462821512325,
                17.56332717629575
            ]
        ],