{
    "layout": {
        "E0": [
            -14.093830649451162,
            -9.412251270681983
        ],
        "E1": [
            -14.5611312094978,
            -6.956277896625936
        ],
        "E2": [
            -3.7333678480075774,
            -0.3970199249041065
        ],
        "E7": [
            -1.198263385608224,
            -0.43955546468533874
        ],
        "E10": [
            1.2473491566071386,
            0.11843930448043981
        ],
        "E16": [
            3.684282077008662,
            0.7181360851090045
        ],
        "H3": [
            8.235246913039347,
            8.14144400809819
        ],
        "H4": [
            8.637187260423847,
            2.007035357185119
        ],
        "E6": [
            2.062565197703076,
            -4.719921803068219
        ],
        "E9": [
            4.391864350124452,
            -5.630279545634834
        ],
        "E12": [
            6.6650563111191055,
            -6.67351043710977
        ],
        "E8": [
            9.674898821244568,
            0.035155285974064476
        ],
        "E11": [
            10.814533421814204,
            -2.1900595909810443
        ],
        "E13": [
            -10.469060378359742,
            -3.257720246556054
        ],
        "E15": [
            -12.93889829019107,
            -2.8709671437441515
        ],
        "H14": [
            -17.22047833910201,
            1.0183404333193522
        ]
    },
    "helices_residues": {
        "E0": [
            483,
            485
        ],
        "E1": [
            490,
            492
        ],
        "E2": [
            497,
            500
        ],
        "H3": [
            502,
            505
        ],
        "H4": [
            510,
            517
        ],
        "H5": [
            520,
            523
        ],
        "E6": [
            523,
            525
        ],
        "E7": [
            530,
            534
        ],
        "E8": [
            537,
            539
        ],
        "E9": [
            542,
            545
        ],
        "E10": [
            547,
            551
        ],
        "E11": [
            561,
            563
        ],
        "E12": [
            566,
            569
        ],
        "E13": [
            574,
            577
        ],
        "H14": [
            591,
            596
        ],
        "E15": [
            598,
            601
        ],
        "E16": [
            606,
            608
        ]
    },
    "size": {
        "E0": 11.553351824575152,
        "E1": 12.62591208107458,
        "E2": 15.719325437299263,
        "H3": 12.383000648434203,
        "H4": 18.74315330293864,
        "H5": 13.768720268986515,
        "E6": 13.084480508357558,
        "E7": 17.964222439475886,
        "E8": 12.540837919658951,
        "E9": 16.14561329866975,
        "E10": 17.64868493218669,
        "E11": 12.236430367881011,
        "E12": 15.295608051472543,
        "E13": 14.202030857548104,
        "H14": 16.983513112850687,
        "E15": 16.3056089982366,
        "E16": 12.466502787189158
    },
    "protein": "3oh2",
    "chain_id": "A",
    "domain": "02",
    "filename_protein": "generated-2.160.10.30-2021-09-01T05_46_07_694652743_02_00/2.160.10.30/consensus_A00/3oh2.cif",
    "generated": "2021-09-01T05:47:04.539400",
    "angles": {
        "E0": 79.22704637063259,
        "E1": 259.2270463706326,
        "E2": 351.450285262997,
        "E7": 351.450285262997,
        "E10": 351.450285262997,
        "E16": 351.450285262997,
        "H3": 277.8884411499594,
        "H4": 246.05929086805799,
        "E6": 22.99944161968699,
        "E9": 22.99944161968699,
        "E12": 22.99944161968699,
        "E8": 242.88093228215843,
        "E11": 242.88093228215843,
        "E13": 8.899701277382178,
        "E15": 188.89970127738218,
        "H14": 305.89472966799747
    },
    "angles_err": {
        "E0": 11.553351824575152,
        "E1": 12.62591208107458,
        "E2": 15.719325437299263,
        "H3": 12.383000648434203,
        "H4": 18.74315330293864,
        "H5": 13.768720268986515,
        "E6": 13.084480508357558,
        "E7": 17.964222439475886,
        "E8": 12.540837919658951,
        "E9": 16.14561329866975,
        "E10": 17.64868493218669,
        "E11": 12.236430367881011,
        "E12": 15.295608051472543,
        "E13": 14.202030857548104,
        "H14": 16.983513112850687,
        "E15": 16.3056089982366,
        "E16": 12.466502787189158
    },
    "h_type": {
        "E0": 1,
        "E1": 1,
        "E2": 1,
        "H3": 1,
        "H4": 1,
        "H5": 3,
        "E6": 1,
        "E7": 1,
        "E8": 1,
        "E9": 1,
        "E10": 1,
        "E11": 1,
        "E12": 1,
        "E13": 1,
        "H14": 1,
        "E15": 1,
        "E16": 1
    },
    "beta_connectivity": [
        "E0:E1",
        "E2:E7:E10:E16",
        "H3",
        "H4",
        "H5",
        "E6:E9:E12",
        "E8:E11",
        "E13:E15",
        "H14"
    ],
    "color": {
        "E0": "s123",
        "E1": "s170",
        "E2": "s217",
        "H3": "s264",
        "H4": "s311",
        "H5": "s358",
        "E6": "s405",
        "E7": "s452",
        "E8": "s500",
        "E9": "s547",
        "E10": "s594",
        "E11": "s641",
        "E12": "s688",
        "E13": "s735",
        "H14": "s782",
        "E15": "s829",
        "E16": "s876"
    },
    "3dlayout": {
        "E0": [
            [
                1.429743478079045,
                -3.406586671878543,
                1.918902298595718
            ],
            [
                2.9817798640535234,
                7.296015287448611,
                5.984050849292466
            ]
        ],
        "E1": [
            [
                8.05115347779801,
                8.379191900456249,
                5.315710117233891
            ],
            [
                5.459390345444177,
                -3.957373644078075,
                6.026744793044429
            ]
        ],
        "E2": [
            [
                2.0551822638530197,
                -11.711002304632316,
                9.199549831328923
            ],
            [
                5.510107710359627,
                -18.257001922052254,
                23.067158542694514
            ]
        ],
        "E7": [
            [
                0.3105794100985939,
                -15.958543350716454,
                8.683358215883203
            ],
            [
                -1.568476787112754,
                -20.26484150646128,
                26.022280669614844
            ]
        ],
        "E10": [
            [
                -3.4101403019027927,
                -19.080131258122215,
                8.486797579762637
            ],
            [
                -5.293245051185586,
                -23.359253202327004,
                25.504997006419003
            ]
        ],
        "E16": [
            [
                -10.174119356925146,
                -19.212816199609065,
                12.714499472379103
            ],
            [
                -4.332584019844873,
                -28.540182152441716,
                18.57030010342656
            ]
        ],
        "H3": [
            [
                1.8388655375147636,
                -15.953618205300096,
                31.120878521101574
            ],
            [
                8.220655183920783,
                -22.02694209743428,
                22.418798145158192
            ]
        ],
        "H4": [
            [
                19.715796472112032,
                -20.54348400217482,
                27.601170399025534
            ],
            [
                5.844746588190702,
                -25.74109622853807,
                16.117068431540872
            ]
        ],