{
    "layout": {
        "E0": [
            -14.149225823369036,
            -9.4214479928626
        ],
        "E1": [
            -14.505736035579869,
            -6.947081174445305
        ],
        "E2": [
            -3.754410496195129,
            -0.1633119428712561
        ],
        "E7": [
            -1.212135043523846,
            -0.43631851816816086
        ],
        "E10": [
            1.2587628665145045,
            -0.013172279043858483
        ],
        "E16": [
            3.7077826732044716,
            0.6128027400832756
        ],
        "H3": [
            8.235246913039347,
            8.141444008098198
        ],
        "H4": [
            9.021817522483943,
            1.723214907663511
        ],
        "E6": [
            2.0127403607014993,
            -4.848632785929049
        ],
        "E9": [
            4.414402704147184,
            -5.564926945267882
        ],
        "E12": [
            6.692342794097952,
            -6.610152054615915
        ],
        "E8": [
            9.653916652291112,
            0.024165170552135073
        ],
        "E11": [
            10.83551559076766,
            -2.1790694755591025
        ],
        "E13": [
            -11.215617841241084,
            -3.082886859523109
        ],
        "E15": [
            -13.679606794941744,
            -2.6604703478961493
        ],
        "H14": [
            -17.717961400644704,
            0.9485858671983021
        ]
    },
    "helices_residues": {
        "E0": [
            483,
            485
        ],
        "E1": [
            490,
            492
        ],
        "E2": [
            497,
            500
        ],
        "H3": [
            502,
            505
        ],
        "H4": [
            510,
            517
        ],
        "H5": [
            520,
            522
        ],
        "E6": [
            523,
            525
        ],
        "E7": [
            530,
            534
        ],
        "E8": [
            537,
            539
        ],
        "E9": [
            542,
            545
        ],
        "E10": [
            547,
            551
        ],
        "E11": [
            561,
            563
        ],
        "E12": [
            566,
            569
        ],
        "E13": [
            574,
            577
        ],
        "H14": [
            591,
            596
        ],
        "E15": [
            598,
            601
        ],
        "E16": [
            606,
            608
        ]
    },
    "size": {
        "E0": 11.524612182542118,
        "E1": 12.810946630962318,
        "E2": 15.691651242005292,
        "H3": 12.369051928794649,
        "H4": 18.865250749739197,
        "H5": 12.587541024062533,
        "E6": 13.080788803392855,
        "E7": 17.8283410146119,
        "E8": 12.549549293824603,
        "E9": 15.948555210072549,
        "E10": 17.755614341651256,
        "E11": 12.195710857764249,
        "E12": 15.26949261238027,
        "E13": 14.226164689076656,
        "H14": 17.04432811779705,
        "E15": 16.47978149878178,
        "E16": 12.366442783720965
    },
    "protein": "3oh1",
    "chain_id": "A",
    "domain": "02",
    "filename_protein": "generated-2.160.10.30-2021-09-01T05_46_07_694652743_02_00/2.160.10.30/consensus_A00/3oh1.cif",
    "generated": "2021-09-01T05:47:00.333330",
    "angles": {
        "E0": 81.80116811092091,
        "E1": 261.8011681109209,
        "E2": 354.0622299785067,
        "E7": 354.0622299785067,
        "E10": 354.0622299785067,
        "E16": 354.0622299785067,
        "H3": 278.05148452983076,
        "H4": 246.05929086805787,
        "E6": 200.62759131481582,
        "E9": 200.62759131481582,
        "E12": 200.62759131481582,
        "E8": 241.79525592567586,
        "E11": 241.79525592567586,
        "E13": 9.727994315251976,
        "E15": 189.727994315252,
        "H14": 310.05674756984365
    },
    "angles_err": {
        "E0": 11.524612182542118,
        "E1": 12.810946630962318,
        "E2": 15.691651242005292,
        "H3": 12.369051928794649,
        "H4": 18.865250749739197,
        "H5": 12.587541024062533,
        "E6": 13.080788803392855,
        "E7": 17.8283410146119,
        "E8": 12.549549293824603,
        "E9": 15.948555210072549,
        "E10": 17.755614341651256,
        "E11": 12.195710857764249,
        "E12": 15.26949261238027,
        "E13": 14.226164689076656,
        "H14": 17.04432811779705,
        "E15": 16.47978149878178,
        "E16": 12.366442783720965
    },
    "h_type": {
        "E0": 1,
        "E1": 1,
        "E2": 1,
        "H3": 1,
        "H4": 1,
        "H5": 3,
        "E6": 1,
        "E7": 1,
        "E8": 1,
        "E9": 1,
        "E10": 1,
        "E11": 1,
        "E12": 1,
        "E13": 1,
        "H14": 1,
        "E15": 1,
        "E16": 1
    },
    "beta_connectivity": [
        "E0:E1",
        "E2:E7:E10:E16",
        "H3",
        "H4",
        "H5",
        "E6:E9:E12",
        "E8:E11",
        "E13:E15",
        "H14"
    ],
    "color": {
        "E0": "s123",
        "E1": "s170",
        "E2": "s217",
        "H3": "s264",
        "H4": "s311",
        "H5": "s358",
        "E6": "s405",
        "E7": "s452",
        "E8": "s500",
        "E9": "s547",
        "E10": "s594",
        "E11": "s641",
        "E12": "s688",
        "E13": "s735",
        "H14": "s782",
        "E15": "s829",
        "E16": "s876"
    },
    "3dlayout": {
        "E0": [
            [
                1.562335155276287,
                -3.6207318964025035,
                1.9570718027259772
            ],
            [
                2.978903152676594,
                7.215303248407508,
                5.616356351265722
            ]
        ],
        "E1": [
            [
                8.147460397021028,
                8.25151484674494,
                5.1050327583622
            ],
            [
                5.575085226758269,
                -4.275242263737127,
                5.868967218749616
            ]
        ],
        "E2": [
            [
                2.2748140706872277,
                -11.99734618588954,
                9.109903207436034
            ],
            [
                5.799960671439237,
                -18.35677979067296,
                23.015257009849122
            ]
        ],
        "E7": [
            [
                0.431394919353572,
                -16.20315594618468,
                8.720574189448314
            ],
            [
                -1.0541640963135634,
                -20.41350894028993,
                25.98081130859856
            ]
        ],
        "E10": [
            [
                -3.144542480412696,
                -19.379488274363275,
                8.522986655645866
            ],
            [
                -4.81920120626333,
                -23.47353525468946,
                25.71880411583851
            ]
        ],
        "E16": [
            [
                -9.882342114282977,
                -19.359813385102058,
                12.86027777435585
            ],
            [
                -4.063658938573468,
                -28.687286682036614,
                18.5233224606295
            ]
        ],
        "H3": [
            [
                2.4930012016149874,
                -16.011418099108653,
                31.11720636310315
            ],
            [
                8.478518268599856,
                -22.310420279797597,
                22.314388485529662
            ]
        ],
        "H4": [
            [
                20.130784998939134,
                -19.892321904872745,
                26.780311542798472
            ],
            [
                5.6918182267688735,
                -26.72434679629913,
                16.743511241625356
            ]
        ],